fSCFr_pct,atp_fwd,atp_bwd,amp,adp,atp,form,cho,prpp,gar,aic,mu,theta,v_ppat,v_gart,v_atic,v_tyms,v_fthfs,f_ser_formate,f_ser_cho,ffor,flac,fo,energy_charge,converged,max_residual,onec_index
0.0,0.2932222251866509,0.2932222251866509,0.002347497388833019,0.029332967970644195,0.2932222251866509,7.084850775512986e-05,3.384826793130181e-06,0.3719871193209681,9.134206036855325,0.0219234878571143,0.00023560585576918905,0.0,0.9226047856811475,0.007032109565529765,0.004834595477700313,0.0005890146394229726,0.012455719682653037,0.0,0.0,-0.012455719682653044,52.61039203520424,32.803243099410885,0.9476336088643761,True,7.105427357601002e-15,0.007058823529411766
2.0202020202020203,0.31139443588070637,0.31139443588070637,0.002497346179548385,0.031178111408071738,0.31139443588070637,0.0002793802968120174,1.2120627993840038e-05,0.371895764184582,8.885560541674325,0.04494741042263997,0.000998989350271697,0.0,0.922503618389671,0.025070983869911256,0.02053134084331275,0.002497473375679243,0.04809979808890324,0.03577441077441078,0.0,-0.01232538731449249,55.552808635144466,34.44112746648573,0.9475862652003734,True,1.4210854715202004e-14,0.027260843731431967
4.040404040404041,0.3302444858904192,0.3302444858904192,0.0026532364326962024,0.033094876900766075,0.3302444858904192,0.0004968863434092986,2.072552237921999e-05,0.37180256237595927,8.643441022877825,0.059730438094980055,0.001778266895065336,0.0,0.9224003777265745,0.04268593040835873,0.036606669938168676,0.00444566723766334,0.08373826758419077,0.07154882154882156,0.0,-0.01218944603536919,58.56882155128444,36.10077981910758,0.9475380788469605,True,2.220446049250313e-16,0.04746286393345217
6.0606060606060606,0.3495066288623072,0.3495066288623072,0.0028129970444471008,0.03505640301721535,0.3495066288623072,0.0007239567839066939,2.9328088982768973e-05,0.37170892428547253,8.406172317752903,0.07141671555613373,0.002561663429815032,0.0,0.9222966249378435,0.06014560895144207,0.052820991807311035,0.006404158574537581,0.1193707593332906,0.10732323232323232,0.0,-0.012047527010058318,61.61327276189686,37.75670781699333,0.9474897850299169,True,7.105427357601002e-15,0.06766488413547236
8.080808080808081,0.3691175378730249,0.3691175378730249,0.0029761169511807618,0.03705632472065357,0.3691175378730249,0.0009612356183077251,3.79611724435707e-05,0.3716152115737899,8.173259479361732,0.08132011500667949,0.0033461574726645345,0.0,0.9221927605019232,0.0775177992828575,0.069113677871682,0.008365393681661335,0.15499687083620084,0.1430976430976431,0.0,-0.011899227738557672,64.67448053309407,39.402464302893144,0.9474415730499876,True,7.105427357601002e-15,0.08786690433749259
10.1010101010101,0.38905206359729616,0.38905206359729616,0.0031423974459467174,0.03909213813205353,0.38905206359729616,0.0012094261679616411,4.663949694544346e-05,0.3715215857483888,7.944432918606318,0.09002025871757713,0.0041303972987840895,0.0,0.9220889634156738,0.0948320072876591,0.08545816198245848,0.010325993246960223,0.19061616251707786,0.17887205387205385,0.0,-0.011744108645023975,67.74712495022114,41.035258842483394,0.9473935277484664,True,7.105427357601002e-15,0.10806892453951278
12.121212121212121,0.40929850157043335,0.40929850157043335,0.003311749598749479,0.041162697742383306,0.40929850157043335,0.001469297820897062,5.537138888849402e-05,0.3714281371914343,7.719504527248491,0.09783458289103608,0.004913624226500919,0.0,0.92198533399049,0.11210413680396916,0.10183995613818254,0.012284060566252298,0.22622815350840395,0.21464646464646464,0.0,-0.011581688861939337,70.82813742569644,42.653607933309075,0.9473456967250873,True,5.898059818321144e-17,0.12827094474153297
14.14141414141414,0.4298512620529648,0.4298512620529648,0.003484134304407241,0.043267475196611026,0.4298512620529648,0.0017416938487340656,6.416225768552919e-05,0.37133492369482457,7.498324998003811,0.10495964683003942,0.005695351147322031,0.0,0.9218819364933113,0.1293438428125557,0.11825009608455579,0.014238377868305077,0.26183231676541663,0.2504208754208754,0.0,-0.01141144134454121,73.91547616717308,44.256630716759105,0.9472981104356025,True,1.1102230246251565e-16,0.14847296494355317
16.161616161616163,0.45070797974049726,0.4507079797404972,0.0036595386732516965,0.045406267218902334,0.4507079797404972,0.002027540402082102,7.301596884764103e-05,0.37124198575396067,7.2807669697514825,0.11152732657723873,0.006475234976692491,0.0,0.9217788160677743,0.14655744215294372,0.13468254384930992,0.016188087441731225,0.297428073443985,0.2861952861952862,0.0,-0.011232787248698688,77.00764134368522,45.84376851646971,0.9472507901763374,True,1.4210854715202004e-14,0.16867498514557341
18.181818181818183,0.47186816202431725,0.4718681620243173,0.003837965000795373,0.0475790590864165,0.47186816202431725,0.0023278568668391,8.193548473946334e-05,0.37114935375619407,7.066717128624441,0.11763126531703914,0.007253016717937662,0.0,0.921676006686633,0.16374927634933942,0.1511329682837389,0.018132541794844154,0.3330147864279225,0.32196969696969696,0.0,-0.011045089458225563,80.1034477206691,47.41465258695687,0.94720375184075,True,7.105427357601002e-15,0.18887700534759358
20.2020202020202,0.4933324780273932,0.4933324780273933,0.004019424969848472,0.04978595284591486,0.4933324780273932,0.002643767814907705,9.092319923465016e-05,0.37105705177137105,6.856072046632565,0.12334082713574133,0.008028489864230484,0.0,0.9215735353447267,0.18092242574664677,0.16759810245256757,0.02007122466057621,0.3685917528597905,0.3577441077441077,0.0,-0.010847645115682685,83.20190502262633,48.96903416275658,0.947157007902056,True,7.105427357601002e-15,0.20907902554961377
22.22222222222222,0.5151023499839904,0.5151023499839904,0.004203936318138863,0.052027126057667884,0.5151023499839904,0.0029765168360924967,9.998112710859602e-05,0.37096509972733455,6.648735792301227,0.1287090948382802,0.0088014822664835,0.0,0.9214714244652631,0.19807911506466708,0.1840753747650848,0.02200370566620875,0.4041581954959607,0.3935185185185185,0.0,-0.01063967697744219,86.30214939672254,50.50674420217844,0.9471105685519695,True,1.4210854715202004e-14,0.229281045751634
24.242424242424242,0.5371797006992011,0.5371797006992008,0.00439152077656655,0.05430280628533785,0.5371797006992011,0.0033274826008235785,0.0001091110176769043,0.37087351474410585,6.444618465458745,0.13377775351173482,0.009571845014116632,0.0,0.9213696933754835,0.21522095770312363,0.20056268242899913,0.02392961253529158,0.4397132526674145,0.4292929292929293,0.0,-0.010420323374485264,89.4034014377248,52.02766864697496,0.9470644423994236,True,4.263256414560601e-14,0.2494830659536542
26.262626262626267,0.5595667870801739,0.5595667870801739,0.004582202706536643,0.0566132542591263,0.5595667870801739,0.0036981975804231794,0.00011831442587231669,0.3707823119982675,6.243635252016513,0.13858022514777102,0.01033944523062292,0.0,0.9212683592627418,0.2323491093328791,0.21705824417013922,0.025848613076557298,0.4752559665795756,0.4650673400673401,0.0,-0.010188626512235514,92.50493900649127,53.53173237724623,0.9470186369232995,True,1.4210854715202004e-14,0.26968508615567444
28.28282828282828,0.5822660834032933,0.5822660834032933,0.004776008139808358,0.05895875204187734,0.5822660834032933,0.004090369947482073,0.00012759275786457851,0.37069150531061684,6.045705790824333,0.14314376348879734,0.01110416117412521,0.0,0.9211674378245847,0.24946436722949586,0.23356049945976565,0.027760402935313025,0.5107852696245743,0.5008417508417508,0.0,-0.009943518782823705,95.60607873304984,55.01888831170141,0.9469731587800305,True,7.105427357601002e-15,0.28988710635769455
30.303030303030305,0.6052801941229564,0.6052801941229565,0.00497296405597847,0.06133959415794513,0.6052801941229564,0.004505909299120781,0.00013694730056830769,0.37060110756412623,5.850753739162809,0.14749090115809185,0.011865878750535434,0.0,0.921066943731244,0.2665672353468154,0.25006803608105715,0.029664696876338586,0.5462999683042111,0.5366161616161617,0.0,-0.009683806688049513,98.70616281956207,56.48910968365055,0.9469280140219974,True,7.105427357601002e-15,0.3100891265597148
32.323232323232325,0.6286117842725056,0.6286117842725056,0.0051730977998768095,0.06375608047665664,0.6286117842725056,0.004946956997667398,0.00014637924036992403,0.3705111310149324,5.658706472215235,0.15164047718690146,0.012624488916320316,0.0,0.9209668909699305,0.28365796660921566,0.26657953536701395,0.03156122229080079,0.5817987242670302,0.5723905723905724,0.0,-0.009408151876457877,101.80454915894907,57.94238433897282,0.9468832082594715,True,7.105427357601002e-15,0.33029114676173504
34.34343434343434,0.6522635199210486,0.6522635199210487,0.00537643657700807,0.06620851008699297,0.6522635199210486,0.005415922116055976,0.00015588967419701398,0.37042158753503557,5.469494878630003,0.15560838343566244,0.01337988564828019,0.0,0.9208672931137222,0.30073658922079843,0.2830937285009493,0.033449714120700476,0.6172800318424483,0.6081649831649831,0.0,-0.009115048677465015,104.9006035430794,59.37871034660175,0.9468387467862609,True,1.4210854715202004e-14,0.35049316696375515
36.36363636363637,0.6762380135776613,0.6762380135776614,0.005583006984802949,0.06869717564421185,0.6762380135776613,0.005915524221635873,0.00016547961476619363,0.370332488811803,5.283053229847301,0.1594081170696792,0.014131964270870781,0.0,0.9207681635428298,0.31780292107278896,0.29960935955090556,0.03532991067717695,0.6527421913008715,0.6439393939393939,0.0,-0.00880279736147758,107.99369316084876,60.798092464375934,0.9467946346820982,True,7.105427357601002e-15,0.3706951871657754
38.38383838383838,0.7005377707653447,0.7005377707653447,0.005792834548086622,0.07122235780224737,0.7005377707653447,0.006448844548995011,0.00017514999104612392,0.37024384652150705,5.099319110485279,0.16305119563406023,0.014880619997069971,0.0,0.9206695156373125,0.33485657466185625,0.31612515221615184,0.03720154999267493,0.6881832768706827,0.6797138047138046,0.0,-0.008469472156878119,111.08318083168083,62.20053915073901,0.946750876900651,True,2.1316282072803006e-14,0.39089720736779554
40.4040404040404,0.7251651346663753,0.7251651346663753,0.006005943232454012,0.07378431941274109,0.7251651346663753,0.007019387522706224,0.00018490164443632755,0.3701556724895517,4.918233403485359,0.1665474723610924,0.01562574657678754,0.0,0.920571362955281,0.35189695383839165,0.3326397780061634,0.039064366441968854,0.7236010982865242,0.7154882154882154,0.0,-0.00811288279830861,114.16841956037187,63.58605990035335,0.9467074783496108,True,1.4210854715202004e-14,0.41109922756981576
42.42424242424242,0.7501222259944579,0.7501222259944579,0.006222354910984214,0.07638329919520223,0.7501222259944579,0.007631155125764182,0.0001947353207654445,0.37006797884748077,4.739740328405104,0.16990537728798744,0.01636723496796003,0.0,0.9204737194077903,0.3689232429251575,0.3491518239639663,0.04091808741990007,0.7589931543090239,0.7512626262626263,0.0,-0.007730528046397387,117.24874707485907,64.95466273290111,0.9466644439679173,True,2.8015784137025435e-16,0.43130124777183604
44.44444444444444,0.7754108751866923,0.7754108751866923,0.006442088758796655,0.07901950457394101,0.7754108751866923,0.008288737311663649,0.0002046516578795922,0.3699807781956429,4.563787535113529,0.17313210185204514,0.01710497195542072,0.0,0.9203765994402997,0.3859343881303312,0.36565975819836444,0.04276242988855179,0.7943565762172473,0.787037037037037,0.0,-0.00731953918021022,120.32348004052022,66.30635169200409,0.9466217788044756,True,1.9168694409543718e-16,0.45150326797385615
46.464646464646464,0.8010325436703825,0.8010325436703826,0.006665160546644124,0.08169310333995322,0.8010325436703826,0.008997422586754074,0.00021465116827169603,0.36989408378015415,4.390326258781303,0.1762337392916961,0.01783883864428147,0.0,0.9202800182303296,0.40292907062604766,0.3821618914579751,0.04459709661070368,0.8296880586947267,0.8228114478114478,0.0,-0.0068766108832787045,123.39190764352158,67.64112422216724,0.9465794881025046,True,1.4210854715202004e-14,0.47170528817587637
48.484848484848484,0.8269882303391914,0.8269882303391914,0.006891581798945545,0.08440421372884588,0.8269882303391914,0.009763334127205356,0.00022473421585512304,0.3698079096934021,4.219311545927577,0.17921538947471718,0.018568708749116234,0.0,0.9201839919116462,0.4199056701007757,0.3986563327827885,0.04642177187279058,0.864983774756355,0.8585858585858586,0.0,-0.006397916170496653,126.45328420544399,68.95896828925342,0.9465375773938597,True,3.3306690738754696e-16,0.4919073083778966
50.505050505050505,0.8532783584228262,0.8532783584228262,0.007121358772929491,0.08715289240399073,0.8532783584228262,0.010593598457616775,0.0002349009855699361,0.36972227110877537,4.050702565814796,0.18208123411873658,0.01929444658772063,0.0,0.9200885378369166,0.43686221695658056,0.4151409368983766,0.04823611646930157,0.900239270324259,0.8943602693602694,0.0,-0.005879000963989516,129.50682043112892,70.25985909519487,0.9464960526082663,True,1.4210854715202004e-14,0.5121093285799168
52.52525252525253,0.8799026365641376,0.8799026365641377,0.007354491203052191,0.08993911968766274,0.8799026365641376,0.011496555970324377,0.0002451514439817363,0.3696371845626855,3.8844630271492537,0.18483458639559475,0.02001590466764805,0.0,0.919993674893471,0.4537963305421226,0.43161324044198474,0.05003976166912012,0.9354493326532273,0.9301346801346801,0.0,-0.0053146525185472655,132.55167279635205,71.54375520953626,0.946454920203425,True,1.4210854715202004e-14,0.532311348781937
54.54545454545454,0.9068598859837852,0.9068598859837852,0.00759097073725897,0.09276278117661817,0.9068598859837852,0.012482025640497487,0.00025548528833222226,0.36955266830050665,3.720561727442868,0.18747791737971475,0.02073292072304052,0.0,0.9198994238907907,0.4707051398062523,0.4480703832699264,0.0518323018076013,0.9706078248837798,0.9659090909090908,0.0,-0.004698733974689071,135.58693044195653,72.81059389628659,0.9464141873235319,True,1.4210854715202004e-14,0.5525133689839572
56.56565656565656,0.9341478228987977,0.9341478228987976,0.007830778967002504,0.09562364458926387,0.9341478228987977,0.013561640529886138,0.00026590188054562814,0.36946874270819896,3.5589732723225636,0.19001286055082492,0.021445314015110076,0.0,0.9198058080441234,0.4875851814155258,0.46450900989902155,0.05361328503777519,1.0057074763523224,1.0016835016835015,0.0,-0.004023974668821165,138.61159874103518,74.06028534962527,0.9463738619960244,True,2.463307335887066e-16,0.5727153891859773
58.58585858585859,0.9617627815461561,0.9617627815461562,0.008073884918293693,0.09852133028500544,0.9617627815461561,0.014749276561056616,0.00027640016136936307,0.3693854308586846,3.3996790156598227,0.19244019448488392,0.022152880646833593,0.0,0.9197128535868058,0.5044322685493667,0.48092514444080126,0.05538220161708399,1.040739614607252,1.0374579124579124,0.0,-0.0032817021493396145,141.62457842228466,75.29270545871691,0.9463339533796346,True,8.326672684688674e-17,0.5929174093879976
60.60606060606061,0.9896993577706215,0.9896993577706212,0.008320241822122673,0.10145527332186258,0.9896993577706215,0.016061605297870922,0.0002869785379599458,0.3693027592124212,3.242668290241258,0.19475980289485648,0.022855387553291355,0.0,0.9196205905555243,0.5212413210511901,0.4973140299867393,0.05713846888322839,1.0756938199211539,1.0732323232323233,0.0,-0.0024614966888306736,144.6246387309258,76.50768658882234,0.9462944720814552,True,2.4313884239290928e-14,0.6131194295900179
62.62626262626263,1.0179499454641705,1.0179499454641703,0.008569782912960724,0.1044246741010485,1.0179499454641703,0.017518813132313387,0.00029763473556468725,0.3692207585263893,3.0879400251338684,0.19697061028267188,0.023552564702188982,0.0,0.919529053809304,0.5380061440574726,0.5136699199860931,0.05888141175547246,1.1105574757990382,1.109006734006734,0.0,-0.0015507417923041333,147.6103825370507,77.70500567608322,0.9462554305673238,True,1.4210854715202004e-14,0.633321449792038
64.64646464646465,1.0465041271506426,1.0465041271506426,0.008822415904271153,0.10742843347584492,1.0465041271506426,0.019145545886825276,0.00030836560012049806,0.36913946504683687,2.9355048833023014,0.19907049065023671,0.0242440948575844,0.0,0.9194382843667194,0.5547191371908058,0.529985804267112,0.060610237143961,1.1453151786018791,1.144781144781145,0.0,-0.0005340338207342026,150.58020048378603,78.8843686617204,0.9462168436992803,True,2.842170943040401e-14,0.6535234699940583
66.66666666666666,1.0753478641525704,1.0753478641525709,0.009078015646014513,0.1104650665124801,1.0753478641525709,0.02097216164105923,0.00031916683303429244,0.36905892209150265,2.7853881062842114,0.20105614608335654,0.024929599998917945,0.0,0.9193483311798881,0.5713709092200581,0.5462530453125403,0.06232399999729486,1.179947954529893,1.1805555555555554,0.0,0.0006076010256620169,153.5322100923653,80.04538990114236,0.9461787294474048,True,2.842170943040401e-14,0.6737254901960783
68.68686868686868,1.1044624087960282,1.1044624087960282,0.009336414260465706,0.11353258664163088,1.1044624087960282,0.02303640883764673,0.000330032631294847,0.3689791821708341,2.637633328875239,0.20292295179980993,0.02560862311111448,0.0,0.919259253512938,0.587949762800934,0.5624608902277168,0.0640215577777862,1.214432210806437,1.2163299663299663,0.0,0.001897755523529207,156.4641740453628,81.18756462132401,0.9461411098429073,True,5.684341886080802e-14,0.6939275103980986
70.70707070707071,1.133822827745762,1.1338228277457623,0.009597387749621773,0.11662834838306191,1.133822827745762,0.025385696022235928,0.00034095519417927226,0.36890030986088806,2.492307735544711,0.20466476493796867,0.02628060351872654,0.0,0.919171124163501,0.6044409991645241,0.5785958091291392,0.06570150879681635,1.2487383170904798,1.2521043771043772,0.0,0.003366060013897453,159.37338942176982,82.31023169058943,0.9461040122674954,True,1.1102230246251565e-16,0.7141295306001189
72.72727272727273,1.163395977311621,1.1633959773116211,0.009860637629023334,0.1197488316818443,1.1633959773116211,0.028080190136226348,0.0003519240404422919,0.368822385731137,2.3495090845667552,0.2062736969467118,0.0269448431589551,0.0,0.9190840338673552,0.6208259716264884,0.5946405895197703,0.06736210789738775,1.2828286690436463,1.2878787878787878,0.0,0.005050118835141466,162.25653614566883,83.41252280806177,0.9460674712143686,True,2.220446049250313e-16,0.7343315508021391
74.74747474747475,1.193137702732359,1.193137702732359,0.01012576551692955,0.12288934355384451,1.193137702732359,0.031197079570567193,0.00036292505476042796,0.36874551175792597,2.2093753402465355,0.20773985583852478,0.027600460092028576,0.0,0.9189980973694252,0.637080787437985,0.6105730862535377,0.06900115023007145,1.3166550239215944,1.3236531986531987,0.0,0.006998174731604495,165.10946795556754,84.49329259660391,0.9460315307128601,True,2.498001805406602e-16,0.7545335710041593
76.76767676767676,1.222988938359053,1.2229889383590533,0.01039223774242577,0.1260436025934288,1.222988938359053,0.034836472612019394,0.00037393914689303186,0.3686698188270503,2.072097938594746,0.20905107838703912,0.02824632406173627,0.0,0.9189134618381954,0.6531745181175179,0.6263644857732382,0.07061581015434067,1.3501548140450972,1.3594276094276092,0.0,0.00927279538251212,167.92692247335498,85.55102189706267,0.9459962476852746,True,2.842170943040401e-14,0.7747355912061793
78.78787878787878,1.252870263392146,1.252870263392146,0.010659335921459727,0.12920315884056688,1.252870263392146,0.03912956888851954,0.0003849403603705801,0.36859547714333657,1.9379400542985623,0.21019270012067423,0.028880967073122814,0.0,0.9188303185413147,0.669066730213576,0.6419768917503125,0.07220241768280704,1.3832460396466955,1.39520202020202,0.0,0.011955980555324711,170.7021185610418,86.58368387769505,0.9459616965989308,True,2.842170943040401e-14,0.7949376114081996
80.8080808080808,1.2826743361646982,1.2826743361646984,0.010926088245026515,0.1323565874190169,1.2826743361646984,0.04424990691521552,0.0003958932144265909,0.36852271057662667,1.8072615476042333,0.2111474638684045,0.029502460129255913,0.0,0.918748918937901,0.6847041024261463,0.6573599864051348,0.07375615032313979,1.415820239154421,1.4309764309764308,0.0,0.0151561918220097,173.42620077383145,87.58856000170401,0.9459279758681847,True,1.4210854715202004e-14,0.8151396316102197
82.82828282828282,1.3122555620517358,1.3122555620517355,0.011191175588058256,0.13548838700847687,1.3122555620517355,0.050428532468076714,0.00040674902712576364,0.3684518160223446,1.6805522530930617,0.21189576271473645,0.03010824683404807,0.0,0.9186695963987234,0.7000158890357756,0.6724465028373978,0.07527061708512017,1.4477330089582936,1.4667508417508417,0.0,0.019017832792547946,176.08748844035668,88.56199256393172,0.9458952164776162,True,1.4210854715202004e-14,0.8353416518122401
84.84848484848484,1.3414165594748402,1.34141655947484,0.011452808411675569,0.13857753631051803,1.3414165594748402,0.05797351111836493,0.0004174410224984781,0.36838318829813715,1.5584741391554395,0.2124165698380688,0.030694929320137655,0.0,0.9185927941428541,0.7149081266786713,0.6871463580972588,0.07673732330034413,1.4787918080762743,1.5025252525252526,0.0,0.02373344444897808,178.67050769524954,89.4990682255764,0.9458635930385975,True,2.498001805406602e-16,0.8555436720142603
86.86868686868688,1.369891993284743,1.369891993284743,0.011708579488302959,0.14159576835910478,1.369891993284743,0.06729252933365644,0.0004278783539412288,0.36831734889916407,1.4419088183021216,0.21268962512537307,0.03125802079798223,0.0,0.9185190975161909,0.7292569998546968,0.7013397806164755,0.07814505199495558,1.5087418324661281,1.5382996632996633,0.0,0.029557830833535272,181.15486856553034,90.39325622236306,0.945833336491256,True,1.4210854715202004e-14,0.8757456922162804
88.88888888888889,1.3973331633269959,1.3973331633269954,0.011955322969929467,0.14450592230150738,1.3973331633269954,0.07891288702810025,0.0004379401537967013,0.36825497113156364,1.3319966193123585,0.2126996330543918,0.031791728797671594,0.0,0.9184492622329302,0.7429031250211003,0.7148710726662318,0.07947932199417898,1.5372535196815114,1.574074074074074,0.0,0.036820554392562654,183.51427185350158,91.23610093252799,0.9458047450456193,True,1.942890293094024e-16,0.8959477124183006
90.9090909090909,1.4233026573990122,1.4233026573990117,0.012189063991702285,0.14726136276445903,1.4233026573990122,0.09348422057131248,0.000447472847328511,0.3681968824536152,1.2301333527425842,0.21244303359196368,0.03228893353847372,0.0,0.9183842170928184,0.7556511877483943,0.7275473253968354,0.08072233384618431,1.5639208469914145,1.6098484848484846,0.0,0.0459276378570703,185.71638135556063,92.01721987528173,0.9457781847130377,True,1.4210854715202004e-14,0.9161497326203207
92.92929292929293,1.4472968136964857,1.4472968136964857,0.012405219691425747,0.14980835646170318,1.4472968136964857,0.11173720308208113,0.00045629713267767287,0.3681440091501722,1.1378650558470147,0.21193661213154413,0.032741660872178335,0.0,0.918325002066603,0.7672829047050564,0.7391500868110926,0.08185415218044584,1.588287143696595,1.6456228956228955,0.0,0.05733575192630071,187.72490713185618,92.72505810121379,0.9457540637992183,True,5.684341886080802e-14,0.9363517528223411
94.94949494949495,1.4688165427674127,1.4688165427674125,0.012599238634212568,0.15209359837040204,1.4688165427674127,0.13436923114994115,0.00046423240023425716,0.36809722581793525,1.0566196518751152,0.21122425954757945,0.03314237254847043,0.0,0.9182725996386797,0.777591752306688,0.7494688532507293,0.08285593137117608,1.6099165369285933,1.6813973063973064,0.0,0.07148076946871322,189.5053616680021,93.3488736228205,0.9457327647351587,True,1.4210854715202004e-14,0.9565537730243613
96.96969696969697,1.487486014030868,1.4874860140308686,0.012767675880253458,0.15407684488412055,1.4874860140308686,0.16186275880393933,0.0004711392298341852,0.36805711791150436,0.9872971080494277,0.21037533585355267,0.03348600440618261,0.0,0.9182276685715461,0.7864373224562488,0.7583551594475492,0.08371501101545652,1.628507492919255,1.7171717171717171,0.0,0.08866422425246208,191.03420615225141,93.88182028484422,0.9457145374316451,True,4.579669976578771e-16,0.9767557932263814
98.98989898989899,1.5031693404910254,1.5031693404910251,0.012909253538753655,0.15574335510736792,1.5031693404910254,0.19431668912657227,0.0004769626750968963,0.3680237635438789,0.9299069423224116,0.20947066657358093,0.03377184228778302,0.0,0.9181902990783485,0.7937949342476802,0.7657736572748823,0.08442960571945755,1.6439981972420201,1.752946127946128,0.0,0.10894793070410767,192.30732907047533,94.32372465622282,0.9456994022962247,True,1.942890293094024e-16,0.9969578134284017
101.01010101010101,1.5160074209902115,1.5160074209902112,0.013025200977378951,0.15710785046264972,1.5160074209902112,0.23140737106299947,0.00048174780972545046,0.3679966870736976,0.8835113789515137,0.2085820764838323,0.03400392585331238,0.0,0.9181599604577527,0.7997659671421763,0.7718151500307069,0.08500981463328096,1.656590931806164,1.7887205387205387,0.0,0.13212960691437464,193.3419682090087,94.68158691086555,0.9456871312289238,True,2.842170943040401e-14,1.017159833630422
103.03030303030303,1.5263485594783324,1.5263485594783321,0.013118632495167502,0.1582071656536318,1.5263485594783321,0.27251040027160267,0.00048561654317327087,0.36797502363352624,0.8465278926553919,0.20775803378976643,0.034189641519836965,0.0,0.9181356852533302,0.8045404108013601,0.7766614347242451,0.08547410379959242,1.6666759493251977,1.8244949494949494,0.0,0.15781900016975164,194.17050130796582,94.96734781105594,0.9456773232701211,True,1.4210854715202004e-14,1.037361853832442
105.05050505050507,1.5346285840035578,1.5346285840035572,0.013193464431844869,0.1590875059485479,1.5346285840035578,0.3168908555703614,0.0004887248439113565,0.36795777154115794,0.8171699178461257,0.20702178824299847,0.03433755842380678,0.0,0.9181163521065623,0.8083397405257311,0.7805289389526364,0.08584389605951695,1.6747125755378844,1.8602693602693603,0.0,0.18555678473147585,194.83078637519412,95.1945641676466,0.9456695188283781,True,5.684341886080802e-14,1.0575638740344624
107.07070707070707,1.5412719858050903,1.5412719858050905,0.013253519464966362,0.1597939230097437,1.5412719858050905,0.36385303669334673,0.0004912264783440641,0.3679439892053035,0.7937810409809253,0.20637798044257893,0.03445573806270502,0.0,0.9181009065422547,0.8113724908169818,0.7836237871366847,0.08613934515676255,1.6811356231104293,1.896043771043771,0.0,0.2149081479333417,195.35857154713852,95.37585682909162,0.9456632880470192,True,3.157196726277789e-16,1.0777658942364825
109.09090909090908,1.5466415021660938,1.5466415021660935,0.013302068077066612,0.16036493753557052,1.5466415021660935,0.41281232095200476,0.0004932539491495809,0.36793288828830867,0.7749868142312073,0.20582082829796058,0.034550932989043076,0.0,0.9180884655223349,0.8138132666133193,0.786119882137251,0.08637733247260769,1.6863104812231786,1.9318181818181817,0.0,0.245507700595003,195.7838654243132,95.52173250994525,0.9456582720935564,True,5.689893001203927e-16,1.0979679144385026
111.11111111111111,1.5510258638410133,1.5510258638410135,0.013341715488685147,0.1608312228353022,1.5510258638410133,0.46330850862494505,0.0004949134016385304,0.3679238495651852,0.7597145600800247,0.20534019915910554,0.03462844882826348,0.0,0.9180783353389304,0.81579914256311,0.788154510068233,0.0865711220706587,1.6905247747020018,1.9675925925925926,0.0,0.27706781789059065,196.1302796910074,95.6404132785735,0.9456541896570543,True,2.842170943040401e-14,1.118169934640523
113.13131313131312,1.5546467236992882,1.5546467236992887,0.013374462733853678,0.16121633241712766,1.5546467236992882,0.5149911181603374,0.0004962867402176584,0.36791640207386717,0.7471524315209831,0.20492508210555654,0.03469232172953055,0.0,0.9180699883286143,0.8174342926411892,0.7898324575517771,0.08673080432382638,1.6939975545167925,2.003367003367003,0.0,0.30936944885021084,196.41579425169937,95.73813612548399,0.9456508270738282,True,4.263256414560601e-14,1.138371954842543
115.15151515151516,1.5576716240636108,1.5576716240636108,0.013401822934398795,0.16153807328164893,1.5576716240636108,0.5675968167765759,0.0004974361374412348,0.3679101922674217,0.7366933527446154,0.20456521508586245,0.03474558207473505,0.0,0.9180630283502638,0.8187968537241024,0.7912325947451144,0.08686395518683762,1.6968934036560546,2.0391414141414144,0.0,0.34224801048535997,196.65391847893196,95.81957396947834,0.9456480241110118,True,1.3877787807814457e-16,1.1585739750445636
117.17171717171718,1.5602267886861507,1.5602267886861507,0.013424936389805762,0.16180986292475538,1.5602267886861507,0.6209281456057633,0.0004984086008788911,0.3679049551959501,0.7278838229545773,0.2042516734572938,0.034790501125490036,0.0,0.9180571585169481,0.8199453332597633,0.7924141478387347,0.08697625281372509,1.6993357339122228,2.074915824915825,0.0,0.375580091003602,196.85478329622887,95.88822345671137,0.9456456607830466,True,1.4210854715202004e-14,1.1787759952465835
119.19191919191918,1.5624076648266176,1.5624076648266174,0.013444665567273056,0.1620418485042441,1.5624076648266176,0.6748363563992466,0.0004992397854859564,0.36790049135031677,0.7203832575125096,0.20397695558158513,0.03482878932362807,0.0,0.9180521552607334,0.8209237528013105,0.7934217868303258,0.08707197330907017,1.7014175129407063,2.1106902356902353,0.0,0.4092727227495291,197.02602149594549,95.94671444582296,0.9456436467959812,True,4.263256414560601e-14,1.1989780154486036
121.21212121212122,1.5642869748166959,1.5642869748166963,0.013461667714072442,0.16224176198051618,1.5642869748166959,0.7292084697023775,0.0004999569293640586,0.367896649239687,0.7139336254860327,0.20373485903533198,0.03486174554034482,0.0,0.9180478488163533,0.8217655138833597,0.794289475166439,0.08715436385086205,1.7032093529006609,2.1464646464646466,0.0,0.4432552935639859,197.17343134216543,95.9970418999035,0.9456419136225662,True,1.4210854715202004e-14,1.2191800356506242
123.23232323232322,1.5659206572654416,1.5659206572654416,0.013476448468793142,0.16241555130227067,1.5659206572654416,0.7839578081828561,0.0005005810330190041,0.367893312664658,0.7083373893418757,0.20352029078760364,0.03489036612569485,0.0,0.918044108963286,0.8224962191744417,0.795043292636094,0.08722591531423712,1.7047654271247723,2.182239057239057,0.0,0.47747363011428506,197.30146194899223,96.04073480517687,0.9456404087216689,True,4.996003610813204e-16,1.239382055852644
125.25252525252526,1.5673521898306126,1.5673521898306122,0.01348940088466419,0.1625678397472937,1.5673521898306122,0.8390171529269294,0.000501128452375845,0.3678903915249552,0.7034416369913792,0.20332907460466532,0.034915423685550694,0.0,0.9180408347268191,0.8231357082340702,0.7957034799861906,0.08728855921387674,1.7061277474341372,2.218013468013468,0.0,0.5118857205793309,197.4135641868784,96.07897792642576,0.9456390913675594,True,1.4210854715202004e-14,1.2595840760546644
127.27272727272727,1.5686157245693615,1.5686157245693613,0.01350083374252026,0.16270225913963943,1.5686157245693615,0.894333804322627,0.0005016120586096767,0.36788781518948,0.6991266748636534,0.20315777983385347,0.03493752390682617,0.0,0.918037946949494,0.82369952454618,0.7962859167729918,0.08734380976706542,1.707329251086237,2.2537878787878785,0.0,0.5464586277016419,197.5124439563071,96.1126994846499,0.9456379296442479,True,1.4210854715202004e-14,1.2797860962566845
129.2929292929293,1.5697383687448343,1.569738368744835,0.01351099215217129,0.16282169227821588,1.5697383687448343,0.9498660034782563,0.0005020420845636927,0.36788552769481575,0.6952977894735297,0.20300357794307428,0.034957146715220155,0.0,0.9180353829110012,0.8241999771262536,0.7968031934740755,0.08739286678805039,1.7083960373883798,2.28956228956229,0.0,0.5811662521739103,197.6002457167649,96.14263457455607,0.9456368982701681,True,2.842170943040401e-14,1.299988116458705
131.31313131313132,1.5707418545746872,1.5707418545746867,0.013520072637454505,0.16292845043354065,1.5707418545746867,1.0055803210452998,0.0005024267461040406,0.3678834842428942,0.6918792520196151,0.2028641258030212,0.034974676299250815,0.0,0.9180330924036424,0.8246469143241271,0.7972653946111339,0.08743669074812704,1.7093489996833882,2.3253367003367003,0.0,0.6159877006533124,197.67868642013434,96.16937137537055,0.9456359770122962,True,1.4210854715202004e-14,1.320190136660725
133.33333333333331,1.5716437717211769,1.5716437717211766,0.013528234272829462,0.1630244043743045,1.5716437717211769,1.0614497352013283,0.0005027727018601743,0.367881648623665,0.6888099152392589,0.2027374721113351,0.03499042320616701,0.0,0.9180310348442121,0.8250482928774603,0.7976806757174026,0.08747605801541752,1.7102050266102808,2.3611111111111107,0.0,0.6509060845008303,197.7491541093251,96.19338512767696,0.9456351495196362,True,1.4210854715202004e-14,1.340392156862745
135.35353535353536,1.5724584853999768,1.5724584853999775,0.013535606980455537,0.16311108197887902,1.5724584853999775,1.1174522033157859,0.000503085396421437,0.36787999130013477,0.6860399475680293,0.20262198286162972,0.03500464076023081,0.0,0.918029177128059,0.8254106004594697,0.7980556924531097,0.08751160190057702,1.7109778948131562,2.396885521885522,0.0,0.6859076270723662,197.81278120153743,96.2150633598474,0.9456344024568297,True,4.263256414560601e-14,1.3605941770647656
137.37373737373736,1.5731978268566773,1.573197826856677,0.013542297770889146,0.16318974164989974,1.5731978268566773,1.1735695899791234,0.0005033693189311209,0.36787848797139017,0.6835283862467839,0.20251628208948375,0.03501753738353412,0.0,0.9180274920187501,0.8257391725759681,0.7983959228881768,0.08754384345883531,1.7116789389229805,2.4326599326599325,0.0,0.7209809937369522,197.87049949530035,96.23472480590436,0.9456337248542313,True,2.7755575615628914e-16,1.3807961972667855
139.3939393939394,1.573871617649412,1.5738716176494132,0.01354839548218485,0.16326142806133162,1.5738716176494132,1.2297868545320068,0.0005036281997726449,0.3678771184836051,0.6812412855242006,0.202419204714498,0.03502928593357874,0.0,0.9180259569276731,0.826038432594867,0.7987059119230255,0.08757321483394685,1.712317559351839,2.4684343434343434,0.0,0.7561167840825043,197.92308186717153,96.25263373430093,0.9456331076155152,True,4.440892098500626e-16,1.4009982174688058
141.41414141414143,1.5744880715065754,1.5744880715065754,0.013553974412711774,0.16332701489006657,1.5744880715065754,1.2860914293197232,0.0005038651615602096,0.36787586599675937,0.6791503014378494,0.20232975890324628,0.03504003084853385,0.0,0.9180245529801898,0.8263120753232318,0.7989894584393611,0.08760007712133462,1.712901610883928,2.5042087542087543,0.0,0.7913071433248271,197.9711741844094,96.2690109067937,0.9456325431409971,True,1.4210854715202004e-14,1.4212002376708261
143.43434343434342,1.5750541051727636,1.5750541051727636,0.01355909713145139,0.16338723787114143,1.5750541051727636,1.3424727394521259,0.0005040828360976516,0.367874716341052,0.6772315999864847,0.20224709591345733,0.03504989366608769,0.0,0.9180232642943665,0.8265632087288771,0.7992497599314897,0.08762473416521922,1.713437702825586,2.539983164983165,0.0,0.8265454621575787,198.0153199575983,96.28404203892784,0.9456320250367698,True,1.4210854715202004e-14,1.4414022578728463
145.45454545454547,1.5755755809750558,1.575575580975059,0.0135638166711548,0.16344272059307913,1.5755755809750558,1.398921828538644,0.0005042834557639398,0.36787365751536144,0.6754650071473672,0.20217048582217023,0.035058977324350385,0.0,0.918022077418887,0.8267944643351786,0.7994895252748689,0.08764744331087596,1.7139314329209234,2.5757575757575757,0.0,0.8618261428366525,198.05597955545034,96.29788439065202,0.9456315478880835,True,4.263256414560601e-14,1.4616042780748664
147.47474747474746,1.5760574977026451,1.5760574977026487,0.013568178254290821,0.16349399479736665,1.5760574977026487,1.4554310645189432,0.0005044689255112306,0.36787267929305695,0.6738333414452444,0.20209929789348208,0.03506736954228314,0.0,0.9180209808912733,0.827008083952377,0.7997110633995621,0.08766842385570786,1.7143875712076468,2.611531986531986,0.0,0.8971444153243395,198.09354530921556,96.31067194448329,0.945631107081262,True,1.3877787807814457e-16,1.4818062982768865
149.4949494949495,1.5765041420183596,1.5765041420183596,0.01357222066220319,0.16354151648110066,1.5765041420183596,1.5119939065686425,0.0005046408800384313,0.36787177290966083,0.6723218855609296,0.202032984617918,0.035075145498268435,0.0,0.9180199648878327,0.82720598837402,0.7999163535813053,0.08768786374567109,1.714810205700996,2.6473063973063975,0.0,0.9324961916054016,198.1283534824391,96.32251950717152,0.9456306986626224,True,1.4210854715202004e-14,1.502008318478907
151.5151515151515,1.5769192094781042,1.5769192094781026,0.013575977329503466,0.16358567876778382,1.5769192094781026,1.568604718975212,0.0005048007295349875,0.36787093081345423,0.6709179647570814,0.20197106866975956,0.03508236996892587,0.0,0.9180190209441473,0.827389832210033,0.800107101588965,0.08770592492231469,1.7152028587213137,2.683080808080808,0.0,0.9678779493595076,198.16069382971986,96.33352598383537,0.9456303192258404,True,1.4210854715202004e-14,1.522210338680927
153.53535353535352,1.5773059019579845,1.5773059019579851,0.013579477225159632,0.16362682226925818,1.5773059019579845,1.6252586214328157,0.0005049496965418178,0.36787014646488664,0.6696106080470307,0.20191313219413604,0.035089099049428946,0.0,0.9180181417302589,0.8275610479752451,0.8002847848608909,0.08772274762357236,1.7155685804597087,2.7188552188552184,0.0,1.00328663839551,198.19081728586218,96.34377701071152,0.9456299658213712,True,1.4210854715202004e-14,1.542412358882947
155.55555555555557,1.5776670066257146,1.5776670066257157,0.013582745566712134,0.16366524348496164,1.5776670066257146,1.6819513677967715,0.0005050888458559609,0.3678694141741204,0.6683902739657417,0.2018588079632758,0.035095381546793175,0.0,0.9180173208685898,0.8277208817850225,0.8004506891046429,0.08773845386698294,1.7159100247566474,2.7546296296296298,0.0,1.038719604872982,198.21894219388696,96.35334708687209,0.9456296358830969,True,1.4210854715202004e-14,1.5626143790849676
157.57575757575756,1.5780049603680852,1.5780049603680857,0.013585804402979323,0.1637012016544623,1.5780049603680852,1.7386792472429928,0.0005052191089478498,0.3678687289685961,0.6672486271593033,0.20180777203980063,0.03510126011570426,0.0,0.9180165527855143,0.8278704224458185,0.8006059381420987,0.08775315028926065,1.7162295108771795,2.79040404040404,0.0,1.0741745295268705,198.24525938260828,96.36230131161732,0.9456293271685411,True,1.4210854715202004e-14,1.5828163992869875
159.5959595959596,1.5783219026764728,1.5783219026764717,0.013588673092391819,0.16373492438249249,1.5783219026764717,1.7954390031923568,0.000505341304019785,0.3678680864844028,0.6661783552372419,0.20175973766108637,0.0351067721902123,0.0,0.9180158325896038,0.8280106253105154,0.800751518397182,0.08776693047553075,1.7165290741832282,2.826178451178451,0.0,1.1096493769952231,198.26993633196884,96.37069680930495,0.9456290377098289,True,1.249000902703301e-16,1.6030184194890078
161.6161616161616,1.5786197193113136,1.5786197193113114,0.013591368697939534,0.16376661228329575,1.5786197193113114,1.85222776641574,0.0005054561525790487,0.36786748287664683,0.6651730177421863,0.201714450117849,0.03511195075247676,0.0,0.9180151559711706,0.8281423319561121,0.8008882991057261,0.08777987688119189,1.7168105079430303,2.8619528619528616,0.0,1.1451423540098375,198.29312061011723,96.37858390474334,0.9456287657732321,True,1.4210854715202004e-14,1.623220439691028
163.63636363636365,1.5789000785528222,1.578900078552822,0.01359390631507201,0.163796442836478,1.578900078552822,1.9090429995311973,0.0005055642932064787,0.3678669147450866,0.6642269209053211,0.20167168244614253,0.03511682497060055,0.0,0.9180145191189153,0.8282662865061899,0.801017049087588,0.08779206242650137,1.71707539802028,2.897727272727273,0.0,1.1806518747069983,198.314942725364,96.38600709823929,0.9456285098256058,True,1.4210854715202004e-14,1.6434224598930485
165.65656565656565,1.5791644614547564,1.5791644614547569,0.013596299345362576,0.16382457360503472,1.5791644614547564,1.9658824507100674,0.0005056662930547029,0.36786637907210445,0.663335013232368,0.20163123178795647,0.0351214207306463,0.0,0.9180139186504069,0.8283831492420672,0.8011384507392083,0.08780355182661576,1.7173251518078914,2.9335016835016834,0.0,1.2161765316937923,198.33551850513845,96.39300587873934,0.9456282685063957,True,1.4210854715202004e-14,1.6636244800950684
167.67676767676767,1.5794141872191918,1.5794141872191916,0.013598559726046119,0.16385114493445244,1.5794141872191918,2.022744114869767,0.0005057626574979415,0.3678658731707103,0.6624927980156273,0.2015929163039225,0.035125761082619875,0.0,0.9180133515538023,0.8284935080101863,0.8012531117657539,0.0878144027065497,1.7175610224824898,2.969276094276094,0.0,1.2517150717936043,198.35495109035486,96.39961540536437,0.9456280406041757,True,1.4210854715202004e-14,1.6838265002970885
169.6969696969697,1.5796504345800697,1.5796504345800697,0.01360069812345741,0.16387628222729425,1.5796504345800697,2.079626200987337,0.0005058538382686583,0.3678653946407459,0.6616962596764745,0.20155657254392378,0.035129866616118034,0.0,0.9180128151387597,0.8285978878282935,0.801361575064831,0.08782466654029508,1.7177841294334193,3.005050505050505,0.0,1.287266375617086,198.37333261533772,96.40586708137049,0.945627825036885,True,1.4210854715202004e-14,1.704028520499109
171.7171717171717,1.5798742599045,1.5798742599044995,0.013602724096782495,0.16390009786867638,1.5798742599045,2.136527104443502,0.0005059402403490489,0.3678649413318297,0.6609418014689366,0.2015220531991322,0.03513375577816894,0.0,0.9180123069949045,0.8286967590116178,0.8014643270906912,0.08783438944542235,1.7179954755477316,3.0408249158249157,0.0,1.3228294402771887,198.39074562929977,96.4117890397139,0.9456276208351103,True,1.4210854715202004e-14,1.724230540701129
173.73737373737376,1.58008661258141,1.5800866125814101,0.013604646237273364,0.16392269286321257,1.58008661258141,2.193445383521842,0.0005060222278328118,0.36786451131186737,0.660226192563266,0.20148922517307183,0.03513744514332287,0.0,0.9180118249565359,0.828790544076833,0.8015618049630363,0.08784361285830718,1.7181959618981753,3.0765993265993266,0.0,1.3584033647011513,198.40726430432534,96.4174065556119,0.9456274271278794,True,2.842170943040401e-14,1.7444325609031492
175.75757575757575,1.5802883481575543,1.5802883481575543,0.013606472287086883,0.16394415823235386,1.5802883481575543,2.2503797393567964,0.0005061001289313157,0.36786410284018556,0.6595465229112686,0.20145796792059714,0.03514094964411099,0.0,0.9180113670725127,0.8288796236318121,0.8016544025336498,0.08785237411027748,1.7183864002757396,3.112373737373737,0.0,1.3939873370979978,198.42295546614514,96.42274239852082,0.9456272431305403,True,3.7470027081099033e-16,1.7646345811051694
177.77777777777777,1.580480239594352,1.5804802395943525,0.01360820924112529,0.16396457621184435,1.5804802395943525,2.30732899875705,0.0005061742402656308,0.3678637143445154,0.6589001645973138,0.20142817201272203,0.035144282768458976,0.0,0.9180109315804562,0.8289643414199328,0.8017424755839118,0.08786070692114745,1.718567523924992,3.148148148148148,0.0,1.4295806242231563,198.43787947714657,96.42781713360725,0.9456270681343786,True,2.842170943040401e-14,1.7848366013071897
179.7979797979798,1.5806629869502897,1.5806629869502895,0.013609863434634608,0.1639840212817055,1.5806629869502895,2.3642920994371064,0.0005062448305598982,0.36786334440120566,0.6582847386185714,0.2013997378925524,0.03514745672942664,0.0,0.9180105168845716,0.8290450086564761,0.8018263462943246,0.0878686418235666,1.7187399967743675,3.183922558922559,0.0,1.4651825621481915,198.45209099563147,96.4326493809284,0.9456269014976932,True,4.263256414560601e-14,1.8050386215092098
181.8181818181818,1.580837225738686,1.5808372257386858,0.013611440618820343,0.16400256105531863,1.580837225738686,2.421268077273928,0.0005063121438307833,0.36786299171814624,0.657698086229332,0.2013725747935052,0.03515048261167478,0.0,0.9180101215365065,0.8291219077698377,0.8019063071017399,0.08787620652918694,1.7189044214007643,3.2196969696969693,0.0,1.5007925482962052,198.46563963099683,96.43725603905182,0.9456267426380925,True,2.842170943040401e-14,1.82524064171123
183.83838383838383,1.5810035341665734,1.5810035341665738,0.013612946026341333,0.16402025704948936,1.5810035341665734,2.478256055273431,0.0005063764021510643,0.36786265511998456,0.6571382441374943,0.20134659979581548,0.035153370498281544,0.0,0.9180097442187828,0.8291952956402779,0.8019826240395049,0.08788342624570386,1.719061345925487,3.2554713804713806,0.0,1.5364100345458944,198.47857051103563,96.44165247865361,0.9456265910258272,True,1.4210854715202004e-14,1.8454426619132505
185.85858585858585,1.58116243942487,1.58116243942487,0.013614384428221172,0.16403716535359508,1.58116243942487,2.5352552339861556,0.000506437808051974,0.36786233353528325,0.6566034229649047,0.20132173700127057,0.035156129580904104,0.0,0.9180093837303998,0.8292654064128895,0.8020555396392933,0.08789032395226026,1.7192112700044437,3.291245791245791,0.0,1.5720345212413473,198.49092477474994,96.44585271067467,0.9456264461779986,True,6.661338147750939e-16,1.8656446821152703
187.87878787878788,1.5813144231711689,1.5813144231711689,0.013615760183455608,0.1640533372128485,1.5813144231711689,2.592264883155806,0.0005064965466179664,0.3678620259853292,0.6560919884833648,0.20129791680935577,0.035158768255771494,0.0,0.9180090389742913,0.8293324539483998,0.8021252754599946,0.08789692063942874,1.7193546500478236,3.327020202020202,0.0,1.6076655519723788,198.50274000179374,96.44986953283527,0.9456263076535109,True,5.684341886080802e-14,1.8858467023172907
189.8989898989899,1.5814599263230762,1.5814599263230757,0.013617077282382373,0.1640688195382202,1.5814599263230762,2.6492843344201416,0.0005065527873187234,0.367861731574353,0.6556024452193228,0.20127507528064847,0.035161294207582586,0.0,0.9180087089463641,0.8293966339648645,0.8021920342982034,0.08790323551895646,1.7194919037820244,3.362794612794613,0.0,1.6433027090125885,198.514050587818,96.45371465767751,0.9456261750486616,True,1.4210854715202004e-14,1.906048722519311
191.91919191919192,1.5815993532607417,1.5815993532607413,0.013618339384706265,0.16408365535351438,1.5815993532607413,2.706312974913387,0.0005066066856159099,0.36786144948095634,0.6551334220870059,0.20125315357550247,0.03516371448304299,0.0,0.9180083927258871,0.8294581259146202,0.802256002125929,0.08790928620760749,1.7196234142481566,3.3985690235690234,0.0,1.678945609320867,198.52488807347225,96.4573988247857,0.9456260479932743,True,1.4210854715202004e-14,1.9262507427213311
193.93939393939394,1.5817330755215544,1.5817330755215546,0.013619549852929506,0.16409788418842167,1.5817330755215544,2.763350241643277,0.0005066583843762305,0.36786117895057774,0.6546836597640934,0.201232097457886,0.03516603555549906,0.0,0.9180080894670472,0.8295170946337695,0.8023173497938693,0.08791508888874766,1.7197495333163864,3.4343434343434343,0.0,1.7145939010270481,198.53528143358227,96.46093189941215,0.9456259261473021,True,2.842170943040401e-14,1.9464527629233512
195.95959595959596,1.581861435056909,1.5818614350569087,0.013620711781820078,0.16411154242498627,1.581861435056909,2.820395616535878,0.0005067080151173941,0.3678609192888517,0.6542519995691496,0.2012118568557771,0.0351682633818965,0.0,0.9180077983915061,0.8295736917956109,0.8023762345325688,0.08792065845474124,1.719870584782921,3.4701178451178447,0.0,1.7502472603349237,198.54525733199463,96.46432295938436,0.9456258091978337,True,2.220446049250313e-16,1.9666547831253713
197.97979797979798,1.5819847471102388,1.5819847471102393,0.013621828024453693,0.16412466360378533,1.5819847471102393,2.877448622057771,0.0005067556991095196,0.367860669855743,0.6538373736370872,0.20119238547075433,0.03517040345310348,0.0,0.9180075187818252,0.8296280571945827,0.8024328012788084,0.0879260086327587,1.7199868671061493,3.505892255892256,0.0,1.7859053887861067,198.55484034673867,96.46758037188219,0.9456256968564468,True,1.4210854715202004e-14,1.986856803327392
200.0,1.5821033027665568,1.5821033027665563,0.013622901215283437,0.1641372786951614,1.5821033027665563,2.934508817338837,0.0005068015483511118,0.36786043006035096,0.6534387962199116,0.201173640430514,0.03517246083847952,0.0,0.9180072499756408,0.8296803198832617,0.8024871838504337,0.0879311520961988,1.7200986558298939,3.5416666666666665,0.0,1.8215680108367733,198.5640531694464,96.47071186143073,0.9456255888568675,True,1.4210854715202004e-14,2.007058823529412
